{"cameraMode":{"drawMode":0,"name":"Shaded","section":"Shading Mode"},"sceneLighting":false,"audioPlay":false,"sceneViewState":{"showFog":true,"showMaterialUpdate":false,"showSkybox":true,"showFlares":true,"showImageEffects":true,"showParticleSystems":true},"in2DMode":false,"pivot":{"x":0.000030517578125,"y":-0.00023651123046875,"z":0.0},"rotation":{"x":0.1541164070367813,"y":0.031114505603909494,"z":-0.0048563661985099319,"w":0.9875550866127014},"size":619.4417114257813,"orthographic":false}