{"cameraMode":{"drawMode":0,"name":"Shaded","section":"Shading Mode"},"sceneLighting":true,"audioPlay":false,"sceneViewState":{"showFog":true,"showMaterialUpdate":false,"showSkybox":true,"showFlares":true,"showImageEffects":true,"showParticleSystems":true},"in2DMode":false,"pivot":{"x":-14.881324768066407,"y":-9.349173545837403,"z":3.40088152885437},"rotation":{"x":0.21204283833503724,"y":-0.6024762392044067,"z":0.17024697363376618,"w":0.7503852248191834},"size":23.51080894470215,"orthographic":false}