{"cameraMode":{"drawMode":0,"name":"Shaded","section":"Shading Mode"},"sceneLighting":true,"audioPlay":false,"sceneViewState":{"showFog":true,"showMaterialUpdate":false,"showSkybox":true,"showFlares":true,"showImageEffects":true,"showParticleSystems":true},"in2DMode":false,"pivot":{"x":1.415124773979187,"y":1.551568865776062,"z":0.5902802348136902},"rotation":{"x":-0.16359399259090424,"y":-0.28778141736984255,"z":0.04996149241924286,"w":-0.942297101020813},"size":10.593506813049317,"orthographic":true}