{"cameraMode":{"drawMode":0,"name":"Shaded","section":"Shading Mode"},"sceneLighting":true,"audioPlay":false,"sceneViewState":{"showFog":true,"showMaterialUpdate":false,"showSkybox":true,"showFlares":true,"showImageEffects":true,"showParticleSystems":true},"in2DMode":false,"pivot":{"x":1.1990966796875,"y":2.0576171875,"z":1.78070068359375},"rotation":{"x":0.3134062588214874,"y":0.45631352066993716,"z":-0.1756763458251953,"w":0.8140637874603272},"size":0.8260196447372437,"orthographic":true}