{"cameraMode":{"drawMode":0,"name":"Shaded","section":"Shading Mode"},"sceneLighting":true,"audioPlay":false,"sceneViewState":{"showFog":true,"showMaterialUpdate":false,"showSkybox":true,"showFlares":true,"showImageEffects":true,"showParticleSystems":true},"in2DMode":false,"pivot":{"x":-3.808293104171753,"y":-0.7751541137695313,"z":-2.11067533493042},"rotation":{"x":0.36306169629096987,"y":-0.611533522605896,"z":0.3723292350769043,"w":0.5963111519813538},"size":7.253824710845947,"orthographic":false}