{"cameraMode":{"drawMode":0,"name":"Shaded","section":"Shading Mode"},"sceneLighting":true,"audioPlay":false,"sceneViewState":{"showFog":true,"showMaterialUpdate":false,"showSkybox":true,"showFlares":true,"showImageEffects":true,"showParticleSystems":true},"in2DMode":false,"pivot":{"x":-2.9774513244628908,"y":0.6677136421203613,"z":1.0219223499298096},"rotation":{"x":0.3802124559879303,"y":-0.16647469997406007,"z":0.06977532058954239,"w":0.9071199297904968},"size":5.024210453033447,"orthographic":false}