{"cameraMode":{"drawMode":0,"name":"Shaded","section":"Shading Mode"},"sceneLighting":true,"audioPlay":false,"sceneViewState":{"showFog":true,"showMaterialUpdate":false,"showSkybox":true,"showFlares":true,"showImageEffects":true,"showParticleSystems":true},"in2DMode":false,"pivot":{"x":275.9648132324219,"y":227.6658935546875,"z":-133.37994384765626},"rotation":{"x":0.29760682582855227,"y":0.5169125199317932,"z":-0.19776007533073426,"w":0.7778988480567932},"size":436.90576171875,"orthographic":false}