{"cameraMode":{"drawMode":0,"name":"Shaded","section":"Shading Mode"},"sceneLighting":false,"audioPlay":false,"sceneViewState":{"showFog":true,"showMaterialUpdate":false,"showSkybox":true,"showFlares":true,"showImageEffects":true,"showParticleSystems":true},"in2DMode":false,"pivot":{"x":292.6718444824219,"y":206.14645385742188,"z":3.365447998046875},"rotation":{"x":0.11757750809192658,"y":0.028298385441303254,"z":-0.003351941704750061,"w":0.9926561713218689},"size":471.2763671875,"orthographic":false}