{"cameraMode":{"drawMode":0,"name":"Shaded","section":"Shading Mode"},"sceneLighting":true,"audioPlay":false,"sceneViewState":{"showFog":true,"showMaterialUpdate":false,"showSkybox":true,"showFlares":true,"showImageEffects":true,"showParticleSystems":true},"in2DMode":false,"pivot":{"x":-0.043408989906311038,"y":-2.5744385719299318,"z":-1.5634905099868775},"rotation":{"x":0.1372767686843872,"y":0.7661499977111816,"z":-0.6031280159950256,"w":0.17438285052776338},"size":9.908708572387696,"orthographic":false}