{"cameraMode":{"drawMode":0,"name":"Shaded","section":"Shading Mode"},"sceneLighting":false,"audioPlay":false,"sceneViewState":{"showFog":true,"showMaterialUpdate":false,"showSkybox":true,"showFlares":true,"showImageEffects":true,"showParticleSystems":true},"in2DMode":false,"pivot":{"x":496.1976318359375,"y":259.67498779296877,"z":10.781402587890625},"rotation":{"x":0.11757750809192658,"y":0.028298385441303254,"z":-0.003351941704750061,"w":0.9926561713218689},"size":236.22518920898438,"orthographic":false}