{"cameraMode":{"drawMode":0,"name":"Shaded","section":"Shading Mode"},"sceneLighting":false,"audioPlay":false,"sceneViewState":{"showFog":true,"showMaterialUpdate":false,"showSkybox":true,"showFlares":true,"showImageEffects":true,"showParticleSystems":true},"in2DMode":false,"pivot":{"x":317.0509338378906,"y":140.03521728515626,"z":-200.5257568359375},"rotation":{"x":0.14884158968925477,"y":0.004448724910616875,"z":-0.0006731938919983804,"w":0.9888559579849243},"size":694.2022094726563,"orthographic":false}